{
    "v": "5.7.4",
    "fr": 30,
    "ip": 0,
    "op": 24,
    "w": 600,
    "h": 600,
    "nm": "Comp 1",
    "ddd": 0,
    "assets": [],
    "layers": [
      {
        "ddd": 0,
        "ind": 1,
        "ty": 4,
        "nm": "Shape Layer 7",
        "sr": 1,
        "ks": {
          "o": {"a": 0, "k": 100, "ix": 11},
          "r": {"a": 0, "k": 0, "ix": 10},
          "p": {
            "a": 1,
            "k": [
              {
                "i": {"x": 0.667, "y": 1},
                "o": {"x": 0.167, "y": 0.167},
                "t": 15,
                "s": [346.79474999999996, 296.0625, 0],
                "to": [0, -8.667, 0],
                "ti": [0, 0, 0]
              },
              {
                "i": {"x": 0.833, "y": 0.833},
                "o": {"x": 0.333, "y": 0},
                "t": 20,
                "s": [346.79474999999996, 257.0625, 0],
                "to": [0, 0, 0],
                "ti": [0, -1.267, 0]
              },
              {"t": 25.0000010182709, "s": [346.79474999999996, 296.0625, 0]}
            ],
            "ix": 2,
            "l": 2
          },
          "a": {"a": 0, "k": [-216, -5.25, 0], "ix": 1, "l": 2},
          "s": {"a": 0, "k": [75, 75, 100], "ix": 6, "l": 2}
        },
        "ao": 0,
        "shapes": [
          {
            "ty": "gr",
            "it": [
              {
                "d": 1,
                "ty": "el",
                "s": {"a": 0, "k": [38.221, 38.221], "ix": 2},
                "p": {"a": 0, "k": [0, 0], "ix": 3},
                "nm": "Ellipse Path 1",
                "mn": "ADBE Vector Shape - Ellipse",
                "hd": false
              },
              {
                "ty": "st",
                "c": {"a": 0, "k": [1, 1, 1, 1], "ix": 3},
                "o": {"a": 0, "k": 100, "ix": 4},
                "w": {"a": 0, "k": 0, "ix": 5},
                "lc": 1,
                "lj": 1,
                "ml": 4,
                "bm": 0,
                "nm": "Stroke 1",
                "mn": "ADBE Vector Graphic - Stroke",
                "hd": false
              },
              {
                "ty": "fl",
                "c": {
                  "a": 0,
                  "k": [0.180392156863, 0.286274509804, 0.360784313725, 1],
                  "ix": 4
                },
                "o": {"a": 0, "k": 100, "ix": 5},
                "r": 1,
                "bm": 0,
                "nm": "Fill 1",
                "mn": "ADBE Vector Graphic - Fill",
                "hd": false
              },
              {
                "ty": "tr",
                "p": {"a": 0, "k": [-216.145, -5.272], "ix": 2},
                "a": {"a": 0, "k": [0, 0], "ix": 1},
                "s": {"a": 0, "k": [100, 100], "ix": 3},
                "r": {"a": 0, "k": 0, "ix": 6},
                "o": {"a": 0, "k": 100, "ix": 7},
                "sk": {"a": 0, "k": 0, "ix": 4},
                "sa": {"a": 0, "k": 0, "ix": 5},
                "nm": "Transform"
              }
            ],
            "nm": "Ellipse 1",
            "np": 3,
            "cix": 2,
            "bm": 0,
            "ix": 1,
            "mn": "ADBE Vector Group",
            "hd": false
          }
        ],
        "ip": 0,
        "op": 25.0000010182709,
        "st": 0,
        "bm": 0
      },
      {
        "ddd": 0,
        "ind": 2,
        "ty": 4,
        "nm": "Shape Layer 9",
        "sr": 1,
        "ks": {
          "o": {"a": 0, "k": 100, "ix": 11},
          "r": {"a": 0, "k": 0, "ix": 10},
          "p": {
            "a": 1,
            "k": [
              {
                "i": {"x": 0.667, "y": 1},
                "o": {"x": 0.167, "y": 0.167},
                "t": 10,
                "s": [308.91974999999996, 296.0625, 0],
                "to": [0, -8.667, 0],
                "ti": [0, 0, 0]
              },
              {
                "i": {"x": 0.833, "y": 0.833},
                "o": {"x": 0.333, "y": 0},
                "t": 15,
                "s": [308.91974999999996, 257.0625, 0],
                "to": [0, 0, 0],
                "ti": [0, -1.267, 0]
              },
              {"t": 20.0000008146167, "s": [308.91974999999996, 296.0625, 0]}
            ],
            "ix": 2,
            "l": 2
          },
          "a": {"a": 0, "k": [-216, -5.25, 0], "ix": 1, "l": 2},
          "s": {"a": 0, "k": [75, 75, 100], "ix": 6, "l": 2}
        },
        "ao": 0,
        "shapes": [
          {
            "ty": "gr",
            "it": [
              {
                "d": 1,
                "ty": "el",
                "s": {"a": 0, "k": [38.221, 38.221], "ix": 2},
                "p": {"a": 0, "k": [0, 0], "ix": 3},
                "nm": "Ellipse Path 1",
                "mn": "ADBE Vector Shape - Ellipse",
                "hd": false
              },
              {
                "ty": "st",
                "c": {"a": 0, "k": [1, 1, 1, 1], "ix": 3},
                "o": {"a": 0, "k": 100, "ix": 4},
                "w": {"a": 0, "k": 0, "ix": 5},
                "lc": 1,
                "lj": 1,
                "ml": 4,
                "bm": 0,
                "nm": "Stroke 1",
                "mn": "ADBE Vector Graphic - Stroke",
                "hd": false
              },
              {
                "ty": "fl",
                "c": {
                  "a": 0,
                  "k": [0.090196078431, 0.725490196078, 0.662745098039, 1],
                  "ix": 4
                },
                "o": {"a": 0, "k": 100, "ix": 5},
                "r": 1,
                "bm": 0,
                "nm": "Fill 1",
                "mn": "ADBE Vector Graphic - Fill",
                "hd": false
              },
              {
                "ty": "tr",
                "p": {"a": 0, "k": [-216.145, -5.272], "ix": 2},
                "a": {"a": 0, "k": [0, 0], "ix": 1},
                "s": {"a": 0, "k": [100, 100], "ix": 3},
                "r": {"a": 0, "k": 0, "ix": 6},
                "o": {"a": 0, "k": 100, "ix": 7},
                "sk": {"a": 0, "k": 0, "ix": 4},
                "sa": {"a": 0, "k": 0, "ix": 5},
                "nm": "Transform"
              }
            ],
            "nm": "Ellipse 1",
            "np": 3,
            "cix": 2,
            "bm": 0,
            "ix": 1,
            "mn": "ADBE Vector Group",
            "hd": false
          }
        ],
        "ip": 0,
        "op": 25.0000010182709,
        "st": 0,
        "bm": 0
      },
      {
        "ddd": 0,
        "ind": 3,
        "ty": 4,
        "nm": "Shape Layer 8",
        "sr": 1,
        "ks": {
          "o": {"a": 0, "k": 100, "ix": 11},
          "r": {"a": 0, "k": 0, "ix": 10},
          "p": {
            "a": 1,
            "k": [
              {
                "i": {"x": 0.667, "y": 1},
                "o": {"x": 0.167, "y": 0.167},
                "t": 5,
                "s": [271.79474999999996, 296.0625, 0],
                "to": [0, -8.667, 0],
                "ti": [0, 0, 0]
              },
              {
                "i": {"x": 0.833, "y": 0.833},
                "o": {"x": 0.333, "y": 0},
                "t": 10,
                "s": [271.79474999999996, 257.0625, 0],
                "to": [0, 0, 0],
                "ti": [0, -1.267, 0]
              },
              {"t": 15.0000006109625, "s": [271.79474999999996, 296.0625, 0]}
            ],
            "ix": 2,
            "l": 2
          },
          "a": {"a": 0, "k": [-216, -5.25, 0], "ix": 1, "l": 2},
          "s": {"a": 0, "k": [75, 75, 100], "ix": 6, "l": 2}
        },
        "ao": 0,
        "shapes": [
          {
            "ty": "gr",
            "it": [
              {
                "d": 1,
                "ty": "el",
                "s": {"a": 0, "k": [38.221, 38.221], "ix": 2},
                "p": {"a": 0, "k": [0, 0], "ix": 3},
                "nm": "Ellipse Path 1",
                "mn": "ADBE Vector Shape - Ellipse",
                "hd": false
              },
              {
                "ty": "st",
                "c": {"a": 0, "k": [1, 1, 1, 1], "ix": 3},
                "o": {"a": 0, "k": 100, "ix": 4},
                "w": {"a": 0, "k": 0, "ix": 5},
                "lc": 1,
                "lj": 1,
                "ml": 4,
                "bm": 0,
                "nm": "Stroke 1",
                "mn": "ADBE Vector Graphic - Stroke",
                "hd": false
              },
              {
                "ty": "fl",
                "c": {
                  "a": 0,
                  "k": [1, 0.784313785329, 0.423529441684, 1],
                  "ix": 4
                },
                "o": {"a": 0, "k": 100, "ix": 5},
                "r": 1,
                "bm": 0,
                "nm": "Fill 1",
                "mn": "ADBE Vector Graphic - Fill",
                "hd": false
              },
              {
                "ty": "tr",
                "p": {"a": 0, "k": [-216.145, -5.272], "ix": 2},
                "a": {"a": 0, "k": [0, 0], "ix": 1},
                "s": {"a": 0, "k": [100, 100], "ix": 3},
                "r": {"a": 0, "k": 0, "ix": 6},
                "o": {"a": 0, "k": 100, "ix": 7},
                "sk": {"a": 0, "k": 0, "ix": 4},
                "sa": {"a": 0, "k": 0, "ix": 5},
                "nm": "Transform"
              }
            ],
            "nm": "Ellipse 1",
            "np": 3,
            "cix": 2,
            "bm": 0,
            "ix": 1,
            "mn": "ADBE Vector Group",
            "hd": false
          }
        ],
        "ip": 0,
        "op": 25.0000010182709,
        "st": 0,
        "bm": 0
      },
      {
        "ddd": 0,
        "ind": 4,
        "ty": 4,
        "nm": "Shape Layer 1",
        "sr": 1,
        "ks": {
          "o": {"a": 0, "k": 100, "ix": 11},
          "r": {"a": 0, "k": 0, "ix": 10},
          "p": {
            "a": 1,
            "k": [
              {
                "i": {"x": 0.667, "y": 1},
                "o": {"x": 0.167, "y": 0.167},
                "t": 0,
                "s": [234.66974999999996, 296.0625, 0],
                "to": [0, -8.667, 0],
                "ti": [0, 0, 0]
              },
              {
                "i": {"x": 0.833, "y": 0.833},
                "o": {"x": 0.333, "y": 0},
                "t": 5,
                "s": [234.66974999999996, 257.0625, 0],
                "to": [0, 0, 0],
                "ti": [0, -1.267, 0]
              },
              {"t": 10.0000004073083, "s": [234.66974999999996, 296.0625, 0]}
            ],
            "ix": 2,
            "l": 2
          },
          "a": {"a": 0, "k": [-216, -5.25, 0], "ix": 1, "l": 2},
          "s": {"a": 0, "k": [75, 75, 100], "ix": 6, "l": 2}
        },
        "ao": 0,
        "shapes": [
          {
            "ty": "gr",
            "it": [
              {
                "d": 1,
                "ty": "el",
                "s": {"a": 0, "k": [38.221, 38.221], "ix": 2},
                "p": {"a": 0, "k": [0, 0], "ix": 3},
                "nm": "Ellipse Path 1",
                "mn": "ADBE Vector Shape - Ellipse",
                "hd": false
              },
              {
                "ty": "st",
                "c": {"a": 0, "k": [1, 1, 1, 1], "ix": 3},
                "o": {"a": 0, "k": 100, "ix": 4},
                "w": {"a": 0, "k": 0, "ix": 5},
                "lc": 1,
                "lj": 1,
                "ml": 4,
                "bm": 0,
                "nm": "Stroke 1",
                "mn": "ADBE Vector Graphic - Stroke",
                "hd": false
              },
              {
                "ty": "fl",
                "c": {
                  "a": 0,
                  "k": [0.945098099054, 0.36862745098, 0.337254901961, 1],
                  "ix": 4
                },
                "o": {"a": 0, "k": 100, "ix": 5},
                "r": 1,
                "bm": 0,
                "nm": "Fill 1",
                "mn": "ADBE Vector Graphic - Fill",
                "hd": false
              },
              {
                "ty": "tr",
                "p": {"a": 0, "k": [-216.145, -5.272], "ix": 2},
                "a": {"a": 0, "k": [0, 0], "ix": 1},
                "s": {"a": 0, "k": [100, 100], "ix": 3},
                "r": {"a": 0, "k": 0, "ix": 6},
                "o": {"a": 0, "k": 100, "ix": 7},
                "sk": {"a": 0, "k": 0, "ix": 4},
                "sa": {"a": 0, "k": 0, "ix": 5},
                "nm": "Transform"
              }
            ],
            "nm": "Ellipse 1",
            "np": 3,
            "cix": 2,
            "bm": 0,
            "ix": 1,
            "mn": "ADBE Vector Group",
            "hd": false
          }
        ],
        "ip": 0,
        "op": 25.0000010182709,
        "st": 0,
        "bm": 0
      }
    ],
    "markers": []
  }